sample,year,del18O,delD
R-1 a,2002,-23.98,-181.93
R-2 a,1993,-23.09,-173.67
R-2 b,1989,-24.45,-184.56
R-3 a,1986,-25.16,-191.07
R-3 b,1982,-25.33,
R-4 a,1979,-25.21,-192.52
R-4 b,1975,-25.53,-196.76
R-5 a,1972,-24.60,-185.83
R-5 b,1968,-24.97,-190.80
R- 6 a,1965,-23.50,-178.18
R- 6 b,1963,-23.78,-179.56
R-7 a,1961,-22.56,-168.81
R- 8 a,1960,-22.48,-167.24
R- 8 b,1958,-22.29,-165.53
R-9 a,1955,-25.24,-188.86
R-9 b,1953,-25.05,-187.60
R-10  a,1951,-25.26,-187.84
R-10 b,1949,-25.22,-188.14
R-11 a,1946,-26.10,-195.53
R-11 b,1944,-25.27,-198.64
R-12 a,1942,-27.29,-206.71
R-12 b,1940,-27.14,-206.52
R-13 a,1938,-25.24,-178.70
R-13 b,1935,-25.16,-188.88
R-14 a,1932,-28.51,-222.88
R-14 b,1932,-27.99,-218.03
R-15 a,1929,-26.34,-201.09
R-15 b,1928,-24.84,-189.09
R-16 a,1926,-22.26,-171.73
R-16 b,1926,-22.51,-171.58
R-17 a,1924,-23.66,-181.17
R-17 b,1923,-23.72,-174.86
R-18 a,1921,-23.70,-179.05
R-18 b,1919,-24.82,-192.06
R-19 a,1917,-23.69,-184.67
R-19 b,1914,-23.63,-180.73
R-20 a,1911,-23.74,-180.02
R-20 b,1909,-24.91,-190.13
R-21 a,1907,-25.62,-210.30
R-21 b,1905,-23.26,-198.14
R-22 a,1903,-23.27,-176.95
R-22 b,1902,-24.55,-188.97
R-23 a,1899,-24.04,-188.84
R-23 b,1897,-24.34,-188.52
R-24 a,1894,-25.94,-201.62
R-24 b,1892,-29.10,-229.04
R-25 a,1890,-25.55,-196.74
R-25 b,1888,-26.11,-201.67
R-26 a,1885,-24.36,-188.77
R-26 b,1883,-25.21,-198.35
R-27 a,1881,-26.89,-208.92
R-27 b,1879,-26.85,-211.93
R-28 a,1877,-25.02,-194.22
R-29 b,1870,-25.91,-207.06
R-31,1863,-27.55,-215.43
R-32 a,1863,-24.62,-183.62
R-32 b,1861,-22.72,-178.50
R-33 a,1859,-25.08,-197.55
R-33 b,1857,-23.73,-187.13
R-34 a,1854,-25.69,-200.16
R-34 b,1852,-26.90,-212.53
R-35 a,1850,-25.54,-201.61
R-35 b,1847,-24.47,-190.59
R-36,1845,-25.37,-198.89
R-37 a,1843,-23.87,-185.80
R-37 b,1841,-26.55,-207.72
R-38 a,1839,-23.09,-182.45
R-38 b,1838,-23.83,-188.53
R-39,1837,-23.06,-181.26
R-40 a,1834,-27.56,-215.13
R-40 b,1832,-29.16,-226.46
R-41 a,1829,-23.74,-181.64
R-41 b,1829,-22.98,-180.82
R-42 a,1826,-24.65,-190.40
R-42 b,1824,-23.48,-183.95
R-43 a,1822,-27.70,-218.32
R-43 b,1821,-27.86,-219.26
R-44 a,1819,-24.56,-190.17
R-44 b,1818,-23.65,-182.26
R-45 a,1817,-24.16,-190.27
R-45 b,1816,-26.62,-217.88
R-46,1814,-32.16,-256.24
R-47 a,1813,-29.22,-223.31
R-47 b,1811,-25.33,-190.04
R-48 a,1808,-25.49,-205.49
R-48 b,1806,-25.22,-197.81
R-49 a,1804,-22.07,-172.31
R-49 b,1802,-23.27,-197.35
R-51 a,1795,-21.33,-167.26
R-51 b,1793,-24.20,-191.82
R-52 a,1791,-26.92,-212.81
R-52 b,1788,-25.71,-202.12
R-53 a,1786,-22.54,-180.67
R-54 a,1783,-22.33,-178.94
R-54 b,1781,-22.01,-174.00
R-55 a,1779,-23.52,-187.83
R-55 b,1778,-22.48,-179.67
R-56 a,1775,-24.77,-200.78
R-56 b,1774,-27.72,-217.23
R-57 a,1772,-27.23,-213.03
R-57 b,1770,-27.67,-219.07
R-58 a,1769,-22.40,-173.50
R-58 b,1767,-21.62,-167.09
R-59 a,1766,-23.83,-185.96
R-59 b,1763,-23.13,-182.52
R-60 a,1761,-24.35,-186.86
R-61 a,1757,-28.59,-219.81
R-61 b,1755,-27.80,-218.40
R-62 a,1754,-25.30,-196.63
R-62 b,1751,-26.27,-207.02
R-63 a,1749,-28.09,-211.00
R-63 b,1747,-27.16,-210.56
R-64,1745,-21.70,
R-65 a,1743,-26.74,-203.33
R-65 b,1740,-22.95,-179.15
R-66 a,1738,-24.05,-186.85
R-66 b,1736,-23.28,-180.80
R-67 a,1735,-23.34,-181.72
R-67 b,1733,-24.88,-195.21
R-68 a,1731,-29.06,-225.82
R-68 b,1729,-25.12,-196.15
R-69 a,1727,-26.24,-202.85
R-69 b,1725,-28.88,-227.48
R-70 a,1723,-26.28,-203.17
R-70 b,1721,-24.92,-193.11
R-71 a,1719,-24.68,-193.75
R-71 b,1717,-25.87,-203.41
R-72 a,1715,-23.79,-186.54
R-72 b,1714,-22.18,-174.98
R-73 a,1712,-22.92,-183.91
R-73 b,1711,-22.62,-180.39
R-74 a,1709,-23.11,-183.50
R-74 b,1706,-23.90,-190.34
R-75,1704,-21.85,-173.26
R-76 a,1702,-23.93,-187.26
R-76 b,1700,-26.05,-203.84
R-77,1698,-28.78,-224.29
R-78 a,1695,-28.13,-217.78
R-78 b,1694,-26.69,-207.63
R-79,1692,-24.38,-187.12
R-80 a,1690,-25.19,-195.82
R-80 b,1687,-26.48,-181.50
R-81,1686,-27.99,-217.22
R-82 a,1683,-28.14,-214.32
R-82 b,1680,-29.16,-222.51
R-83 a,1678,-30.69,-237.23
R-83 b,1676,-26.65,-206.14
R-84 a,1675,-27.30,-207.63
R-84 b,1672,-27.07,-207.91
R-85 a,1671,-28.50,-218.41
R-85 b,1668,-25.81,-196.81
R-86 a,1666,-24.49,-185.27
R-86 b,1664,-23.81,-181.26
R-87 a,1661,-27.70,-213.49
R-87 b,1659,-29.06,-222.69
R-88 a,1657,-24.45,-185.17
R-88 b,1654,-26.27,-203.51
R-89 a,1652,-27.59,-215.87
R-89 b,1649,-27.07,-207.13
R-90 a,1647,-27.11,-203.47
R-90 b,1645,-28.46,-217.60
R-91,1643,-27.65,-210.56
R-92 a,1642,-26.44,-198.18
R-92 b,1640,-27.42,-208.58
R-93 a,1637,-26.44,-199.11
R-93 b,1635,-25.75,-193.45
R-94 a,1632,-24.60,-185.57
R-94 b,1631,-25.22,-189.88
R-95 a,1629,-26.13,-197.88
R-95 b,1627,-27.99,-210.87
R-96,1625,-25.66,-191.57
R-97 a,1623,-22.73,-166.67
R-97 b,1621,-29.28,-225.41
R-98 a,1618,-26.20,-196.26
R-98 b,1616,-24.38,-181.50
R-99,1613,-26.04,-195.34
R-100 a,1611,-25.50,-186.73
R-100 b,1609,-21.21,-157.86
R-101 a,1606,-26.96,-205.97
R-101 b,1604,-26.63,-196.95
R-102 a,1602,-25.34,-186.52
R-102 b,1600,-25.31,-188.79
R-103 a,1598,-26.83,-203.84
R-103 b,1595,-26.77,-198.01
R-104 a,1593,-27.56,-210.33
R-104 b,1591,-25.66,-195.24
R-105 a,1588,-31.47,-234.87
R-105 b,1586,-27.12,-199.62
R-106,1583,-27.97,-209.43
R-107 a,1581,-32.02,-243.82
R-107 b,1579,-24.62,-180.55
R-108 a,1577,-27.89,-209.30
R-108 b,1574,-27.61,-209.38
R-109 a,1572,-24.20,-184.49
R-109 b,1569,-24.64,-184.45
R-110,1567,-24.92,-184.76
R-111 a,1564,-27.48,-204.21
R-111 b,1562,-30.26,-229.71
R-112 a,1560,-25.96,-184.97
R-112 b,1558,-25.77,-196.98
R-113 a,1556,-24.75,-185.28
R-113 b,1554,-25.52,-184.67
R-114 a,1551,-26.96,-201.13
R-114 b,1549,-29.01,-218.85
R-115 a,1546,-24.19,-183.69
R-115 b,1544,-23.17,-174.28
R-116,1543,-25.24,-191.12
R-117 a,1542,-29.05,-219.69
R-117 b,1540,-26.23,-197.43
R-118 a,1535,-25.29,-191.56
R-118 b,1534,-25.81,-193.74
R-119 a,1532,-26.55,-199.67
R-119 b,1531,-24.00,-178.05
R-121 a,1523,-24.59,-184.85
R-122 a,1521,-27.83,-214.66
R-122 b,1518,-25.84,-193.03
R-123 a,1515,-25.56,-194.64
R-123 b,1514,-25.87,
,,-26.50,
