Unnamed: 0,Unnamed: 1,Unnamed: 2,Unnamed: 3,Unnamed: 4,Unnamed: 5,Unnamed: 6,Data Used for the study,Unnamed: 8,Unnamed: 9,Unnamed: 10,Unnamed: 11,Unnamed: 12,Unnamed: 13,Unnamed: 14,Unnamed: 15,Unnamed: 16
,,,,,,,,,"Glacier Mass Balance Response to Extreme Precipitation Events in the Western Himalaya, India",,,,,,,
,,,,"Pramod Kumar*1, Bhanu Pratap#1, Karthik C.B. 1, Umakanth Uppara2, Parmanand Sharma1, and Meloth Thamban1",,,,,,,,,,,,
,,,,"1National Centre for Polar and Ocean Research, Ministry of Earth Sciences, Goa 403804, India",,,,,,,,,,,,
,,,,,,,,,,,,,,,,
,S.N ,Glacier ,Basin/Region ,Latitude,Longitude,Length (km) ,Area (km2)  ,Orientation ,Minimum/Maximum Elevation (m asl)  ,Debris-covered area (%) ,"Mass balance 
year",              Annual mass balance (106 m3 w.e.) ,Specific mass balance (m w.e.) ,ELA (m asl) ,AAR ,References 
,1,Gara ,Baspa/Western Himalaya ,31.46134,78.423091,5.8 ,5.2 ,N  ,4700/5600 ,Not available (NA) ,1975,2.85,0.55,5050,0.59,"Raina et al. (1977), Sangewar and Siddqui (2006), Srivastava (2001) "
,,,,,,,,,,,1976,1.38,0.26,5176,0.52,
,,,,,,,,,,,1977,-4.33,-0.83,5250,0.32,
,,,,,,,,,,,1978,-4.63,-0.89,5255,0.34,
,,,,,,,,,,,1979,-1.83,-0.35,5170,0.36,
,,,,,,,,,,,1980,-3.65,-0.7,5200,0.44,
,,,,,,,,,,,1981,-5.26,-1.02,5300,0.22,
,,,,,,,,,,,1982,0.3,0.57,5160,0.6,
,,,,,,,,,,,1983,0.34,0.11,5155,0.47,
,2,Gor Garang ,Baspa/Western Himalaya ,31.42634,78.39073,3.5 ,2.02 ,S W ,4750/5400 ,NA ,1977,-1.367,-0.68,5200,0.17,"Sangewar and Siddqui (2006), Kulkarni (1992) "
,,,,,,,,,,,1978,-1.221,-0.6,5170,0.27,
,,,,,,,,,,,1979,-0.507,-0.25,5150,0.36,
,,,,,,,,,,,1980,-0.99,-0.49,5190,0.22,
,,,,,,,,,,,1981,-1.97,-0.98,,,
,,,,,,,,,,,1982,0.41,0.2,5085,0.5,
,,,,,,,,,,,1983,1.02,0.51,4980,0.62,
,,,,,,,,,,,1984,-0.53,-0.26,5230,0.26,
,,,,,,,,,,,1985,-0.83,-0.41,5201,0.18,
,3 ,Shaune Garang ,Baspa/Western Himalaya ,31.29539,78.33686,6.2 ,4.94 ,N ,4360/5320 ,NA ,1982,-1.19,-0.3,4810,0.56,"Singh and Sangewar (1989), Sangewar and Siddqui (2006), Srivastava (2001) "
,,,,,,,,,,,1983,0.11,0.02,4776,0.68,
,,,,,,,,,,,1984,-3.94,-0.85,4815,0.34,
,,,,,,,,,,,1985,-3.15,-0.68,4880,0.28,
,,,,,,,,,,,1986,-1,-0.23,4800,0.64,
,,,,,,,,,,,1987,-3.93,-0.79,4925,0.22,
,,,,,,,,,,,1988,-3.16,-0.63,4940,0.29,
,,,,,,,,,,,1989,1.68,0.34,4790,0.61,
,,,,,,,,,,,1990,-1.35,-0.27,4800,0.45,
,,,,,,,,,,,1991,-4.11,-0.83,4970,0.25,
,4 ,Chhota Shigri ,Chandra/Western Himalaya ,32.23147,77.514426,9 ,15.7 ,N ,4072/6263 ,3.4% of total glacier area ; 11% in 2014,1987,,,4600,0.73,Dobhal et al. 
,,,,,,,,,,,1988,-1.01,-0.11,4700,0.59,(1995) 
,,,,,,,,,,,1989,-1.7,-0.19,4840,0.65,
,,,,,,,,,,,2003,-22.24,-1.42,5170,0.31,"Wagnon et al. (2007), Ramanathan (2011), Azam et al. (2012), Vincent et al. (2013) Mandal et al., 20"
,,,,,,,,,,,2004,-19.31,-1.23,5156,0.31,
,,,,,,,,,,,2005,2.19,0.14,4855,0.74,
,,,,,,,,,,,2006,-22.13,-1.41,5185,0.29,
,,,,,,,,,,,2007,-15.38,-0.98,5130,0.36,
,,,,,,,,,,,2008,-14.6,-0.93,5120,0.37,
,,,,,,,,,,,2009,2.04,0.13,4980,0.63,
,,,,,,,,,,,2010,5.18,0.33,4930,0.7,
,,,,,,,,,,,2011,1.57,0.1,4973,0.59,
,,,,,,,,,,,2012,,-0.46,5025,0.52,
,,,,,,,,,,,2013,,-0.77,5090,0.36,
,,,,,,,,,,,2014,,-0.08,5010,0.54,
,,,,,,,,,,,2015,,-0.16,4985,0.55,
,,,,,,,,,,,2016,,-0.84,5106,0.4,
,,,,,,,,,,,2017,,-0.28,5085,0.47,
,,,,,,,,,,,2018,,-0.4,5080,0.47,
,,,,,,,,,,,2019,,0.54,4930,0.7,
,,,,,,,,,,,2020,,-0.26,5125,0.35,
,,,,,,,,,,,2021,,-1.49,5013,0.51,
,,,,,,,,,,,2022,,-2,5248,0.19,
,,,,,,,,,,,2023,,-0.22,4985,0.56,
,,,,,,,,,,,,,,,,
,5 ,Nehnar ,Sind /Western Himalaya ,34.14721,75.52518,3.30 ,1.25 ,N ,3920/4925 ,Partly debris-covered lower ablation zone ,1976,-0.41,-0.24,,,"Srivastava et al. (1999), Raina and Srivastava (2008) "
,,,,,,,,,,,1977,-0.91,-0.61,,,
,,,,,,,,,,,1978,-1.46,-1.17,,,
,,,,,,,,,,,1979,-0.91,-0.72,,,
,,,,,,,,,,,1980,-0.5,-0.4,,,
,,,,,,,,,,,1981,-0.6,-0.48,,,
,,,,,,,,,,,1982,-0.3,-0.24,,,
,,,,,,,,,,,1983,-0.02,-0.02,,,
,,,,,,,,,,,1984,-0.79,-0.64,,,
,6 ,Hamtah ,Chandra/ Western Himalaya ,32.23602,77.37214,6.00 ,3.2 ,NE-NW ,4020/5000 ,~70% of total glacier area ,2001,-5.402,-1.65,,,"Mishra et al. (2014), "
,,,,,,,,,,,2002,-4.602,-1.41,,,Bhardwaj et al. (2014) 
,,,,,,,,,,,2003,-5.446,-1.67,,,
,,,,,,,,,,,2004,-6.173,-1.89,,,
,,,,,,,,,,,2005,-2.824,-0.87,,,
,,,,,,,,,,,2006,-5.06,-1.55,,,
,,,,,,,,,,,2007,-5.455,-1.67,,,
,,,,,,,,,,,2008,-4.53,-1.39,,,
,,,,,,,,,,,2009,-3.32,-1.02,,,
,,,,,,,,,,,2011,-4.76,-1.46,,,
,,,,,,,,,,,2012,-3.85,-1.19,,,
,7 ,Naradu ,Baspa/ Western Himalaya ,31.28737,78.43571,5.15 ,4.56 ,E-NE ,4320/5400 ,Major part of ablation zone is debris-covered ,2001 ,-1.28,-0.44,4900,0.46,Koul and Ganjoo (2010) 
,,,,,,,,,,,2002 ,-0.33,-0.35,4880,0.5,
,,,,,,,,,,,2003 ,-1.18,-0.4,4910,0.47,
,,,,,,,3.8,SW-NE,,37.93% of total glacier area,2012,-0.35,-1.09,5209,,"Rajesh Kumar et al., 2021 (SR)"
,,,,,,,,,,,2013,-0.37,-1.15,5225,,
,,,,,,,,,,,2014,-0.27,-0.86,5196,,
,,,,,,,,,,,2015,-0.25,-0.79,5152,,
,,,,,,,,,,,2016,-0.24,-0.77,5135,,
,,,,,,,,,,,2017,-0.2,-0.63,5085,,
,,,,,,,,,,,2018,-0.22,-0.69,5127,,
,8 ,Kolahoi II ,Lidar / Western Himalaya ,34.16647,75.34277,6.5 ,11.918 ,N ,3690/5425 ,Almost clean glacier ,1984,-3.15,-0.26,4500,0.72, Kaul (1990) 
,9 ,Shishram ,Liddar / Western Himalaya ,34.06889,75.51336,5 ,9.911 ,N ,3740/4900 ,Clean glacier ,1984,-2.84,-0.29,4550,0.59, Kaul (1990) 
,10 ,Rulung ,Chhabe Nama / Western Himalaya ,33.107932,78.44222,1.75 ,.947 ,NE ,5660/6090 ,NA ,1980,-0.06,-0.06,5855,0.47,Srivastava et al. (1999b) 
,,,,,,,,,,,1981,-0.14,-0.15,5880,0.39,
,11 ,Tipra Bank ,Vishnu Ganga / Central Himalaya ,30.737919,79.66099,6 ,7 ,E-SE ,4920/6120 ,Thick debris-covered ablation zone ,1982,-2.39,-0.34,,,"Gautam and Mukherjee (1989), Raina and Srivastava (2008) "
,,,,,,,,,,,1983,-1.06,-0.015,,,
,,,,,,,,,,,1984,-1.63,-0.23,,,
,,,,,,,,,,,1985,-1.9,-0.27,,,
,,,,,,,,,,,1986,-0.82,-0.11,,,
,,,,,,,,,,,1987,-0.14,-0.02,4575,,
,,,,,,,,,,,1988,-4.24,-0.61,4600,,
,,,,,,,,,,,1989,-0.98,-0.14,,,
,12 ,Dunagiri ,Dhauliganga / Central Himalaya  ,30.56208,79.89143,5.54 ,2.5 ,N ,4200/5100 ,Thick debris-covered ablation zone ,1985,-1.98,-0.778,4842,0.13,Swaroop and Gautam (1990) 
,,,,,,,,,,,1986,-2.41,-0.945,4835,0.15,
,,,,,,,,,,,1987,-2.659,-1.039,4840,0.13,
,,,,,,,,,,,1988,-3.304,-1.291,4840,0.14,
,,,,,,,,,,,1989,-2.5,-0.967,4835,0.14,
,,,,,,,,,,,1990,-3.162,-1.235,4870,0.13,
,13 ,Dokriani ,Bhagirathi/Central Himalaya ,30.85995,78.80612,5.5 ,7 ,WNW ,3890/5990 ,20% of ablation area ,1993,-1.54,-0.22,5030,0.7,"Dobhal et al. (2008), Dobhal et al. (2021) "
,,,,,,,,,,,1994,-1.58,-0.23,5040,0.69,
,,,,,,,,,,,1995,-2.17,-0.31,5050,0.68,
,,,,,,,,,,,1998,-2.41,-0.34,5080,0.67,
,,,,,,,,,,,1999,-3.19,-0.46,5100,0.66,
,,,,,,,,,,,2000,-2.65,-0.38,5095,0.67,
,,,,,,,,,,,2008,-2.52,-0.36,5095,0.66,
,,,,,,,,,,,2009,-2.9,-0.41,5100,0.66,
,,,,,,,,,,,2010,-1.61,-0.23,5050,0.68,
,,,,,,,,,,,2011,-1.67,-0.24,5055,0.69,
,,,,,,,,,,,2012,-2.41,-0.33,5080,0.67,
,,,,,,,,,,,2013,-2.36,-0.35,5090,0.67,
,,,,,,,,,,,2014,,-0.29,5055,0.68,
,,,,,,,,,,,2015,,-0.24,,,
,,,,,,,,,,,2016,,-0.26,,,
,14 ,Chorabari ,Mandakini/Central Himalaya ,30.752281,79.061742,7 ,6.6 ,S ,3865/6940 ,53% of  total glacier area and 80% of  ablation area  ,2004,-4.57,-0.74,5055,0.45,Dobhal et al. (2013)  
,,,,,,,,,,,2005,-4.9,-0.79,5055,0.45,
,,,,,,,,,,,2006,-4.97,-0.82,5070,0.44,
,,,,,,,,,,,2007,-4.5,-0.75,5070,0.44,
,,,,,,,,,,,2008,-3.9,-0.67,5075,0.44,
,,,,,,,,,,,2009,-4,-0.67,5075,0.44,
,,,,,,,,,,,2010,-3.93,-0.66,5070,0.44,
,,,,,,,,,,,2011,,-0.99,,,
,,,,,,,,,,,2012,,-0.73,,,
,,,,,,,,,,,2013,,-0.81,,,
,,,,,,,,,,,2016,,-0.72,,,
,15,Kolahoi Glacier,Jhelum/Kashmir Himalaya,34.173,75.33787,,11,NW,3600/5020,,2015,,-0.14,,,
,,,,,,,,,,,2016,,-0.31,,,"Romshoo et al., 2022"
,,,,,,,,,,,2017,,-1.53,,,
,,,,,,,,,,,2018,,-0.95,,,
,,,,,,,,,,,2019,,-1.23,,,
,,,,,,,,,,,2022,,-1.53,,,
,16,Hoksar Glacier,Jhelum/Kashmir Himalaya,34.1838,75.30133,2.2,1,NW,,"80% of the
 ablation area",2014,,-0.72,4022,,
,,,,,,,,,,,2015,,-0.78,4031,,
,,,,,,,,,,,2016,,-1.01,4053,,"Ramshoo et al., 2022 SR"
,,,,,,,,,,,2017,,-1.14,4059,,
,,,,,,,,,,,2018,,-1.11,5062,,
,,,,,,,,,,,2022,,-1.678,,,
,17,Patsio Glacier,Indus/Chandra Bhaga/western Himalaya,32.73,77.3,2.6,2.25,NE,4875/5718,0.12,2011,,0.08,5289,0.61,"Angch et al., 2021"
,,,,,,,,,,,2012,,-0.51,5350,0.47,
,,,,,,,,,,,2013,,-0.61,5366,0.44,
,,,,,,,,,,,2014,,-0.25,533,0.54,
,,,,,,,,,,,2015,,0.07,5302,0.59,
,,,,,,,,,,,2016,,-0.68,5354,0.46,
,,,,,,,,,,,2017,,-0.45,5348,0.49,
,18,Stok Glacier,Zanskar/Indus/western Himalaya,33.98,77.45,1.8,0.74,NE,5300/5850,,2015,,-0.26,5507,0.61,"Shoeb et al., 2020"
,,,,,,,,,,,2016,,-0.73,5589,0.38,
,,,,,,,,,,,2017,,-0.32,5521,0.57,
,,,,,,,,,,,2018,,-0.63,5578,0.39,
,,,,,,,,,,,2019,,-0.01,5471,0.7,
,19,Sutri Dhaka Glacier,Chandra Basin/ western Himalaya,32.3757,77.5347,10.7,20,NE,4500/6000,0.02,2016,,-1.16,5368,0.48,"Oulkar et al., 2022"
,,,,,,,,,,,2017,,-0.67,5291,0.58,
,,,,,,,,,,,2018,,-1.34,,,
,,,,,,,,,,,2019,,0.21,,,
,,,,,,,,,,,2022,,-1.32,,,
,20,Pansilungpa Glacier,"Suru basin, western Himalaya",33.83155,76.297537,8,,N,4670/6000,"17% total
 area/30% ablation area",2017,-2.29,-0.23,5215,,"Mehta et al., 2021"
,,,,,,,,,,,2018,-5.63,-0.56,5225,,
,,,,,,,,,,,2019,-3.11,-0.29,5223,,
,21,Phuche glacier,"Ladakh, western Himalaya",34.28203,77.55805,1.3,0.62,,,,2015,,0.15,5470,,"Dharpure et al., 2024"
,,,,,,,,,,,2016,,-0.79,,,
,,,,,,,,,,,2017,,0.13,5490,,
,22,Khardung glacier,"Ladakh, western Himalaya",34.28958,77.590325,1.2,0.65,,,,2015,,-0.22,5510,,"Dharpure et al., 2024"
,,,,,,,,,,,2016,,-1.46,,,
,,,,,,,,,,,2017,,-0.2,5490,,
,23,Gepang Gath ,Chandra Basin/ western Himalaya,32.50701,77.23357,5.5,12.4,NW,4150/5750,32% of total area,2015,,-0.91,,,
,,,,,,,,,,,2016,,-1.12,,,
,,,,,,,,,,,2017,,-1.12,,,
,,,,,,,,,,,2018,,-1.34,,,"Pratap et al., 2025 (JoG under review)"
,,,,,,,,,,,2019,,0.09,,,
,,,,,,,,,,,2020,,-0.5,,,
,,,,,,,,,,,2021,,-1,,,
,,,,,,,,,,,2022,,-1.3,,,
,,,,,,,,,,,2023,,-0.47,,,
,24,Drang Drung Glacie,"Ladakh, western himalaya",33.7919,76.33646,24,69.6,NE,5266/6573,,2022,,-1.09,5210,0.51,"Azam et al., 2025"
,,,,,,,,,,,2023,,-0.38,5057,0.55,
,25,Batal,Chandra Basin/ western Himalaya,32.35427,77.59118,6.5,4.4,,4200/5800,90% of ablation area,2017,,-0.42,,,
,,,,,,,,,,,2018,,-0.54,,,
,,,,,,,,,,,2019,,0.5,,,
,,,,,,,,,,,,,,,,
,,,,,,,,,,,2022,,-0.56,,,NCPOR ( submitted to WGMS)
,26,Samundra Tapu,Chandra Basin/ western Himalaya,32.5082,77.48957,,80,NW,4200/6000,10% of the ablation area,2017,,-1.12,,,
,,,,,,,,,,,2018,,-1.56,,,
,,,,,,,,,,,2019,,-0.22,,,
,,,,,,,,,,,2022,,-1.6,,,NCPOR( submitted to WGMS)
